fold,PR_AUC,test_n
1,0.7224297746961647,8293
2,0.7132133133521116,8293
3,0.7446810839801922,8293
4,0.7098549489995468,8293
5,0.7440046674284965,8293
