fold,PR_AUC,test_n
1,0.6171513366622289,8293
2,0.681276470651992,8293
3,0.6511736508243875,8293
4,0.6198321890523287,8293
5,0.6536174610071303,8293
