fold,PR_AUC,test_n
1,0.7292554557919676,8293
2,0.7190230621626889,8293
3,0.7415258134570331,8293
4,0.7246897278513497,8293
5,0.7404407701909251,8293
