fold,PR_AUC,test_n
1,0.727005060659526,8293
2,0.7098448416697642,8293
3,0.7440597898770759,8293
4,0.7185212330180692,8293
5,0.7307768277411928,8293
