model,folds,total_n,PR_AUC_mean,Precision_mean,Recall_mean,F1_mean
ens_tab,5.0,41465.0,0.7268367576913024,0.616251973956754,0.9371571619815945,0.7434485957346594
lgb,5.0,41465.0,0.7309869658907929,0.6079951336116839,0.9421546187143329,0.7386155544055183
logit,5.0,41465.0,0.6446102216396135,0.5813450367841994,0.9827152690538762,0.7300859237008034
xgb,5.0,41465.0,0.7260415505931257,0.6205159000792303,0.9242097467128433,0.7421387031969487
