model,PR_AUC
Logistic,0.6446102216396136
XGBoost,0.7260415505931256
LightGBM,0.7309869658907929
Ensemble,0.7208478431859644
