ablation,features,PR_AUC
baseline_all,41,0.7323349237919894
no_macro,26,0.6862513428577711
windows_7d,36,0.7339984872197333
windows_14d,36,0.7339984872197333
